{
    "OOP": {
        "pass@1": 0.5733333333333333,
        "pass@2": 0.6742857142857142
    }
}